Model,Metric,Shape Match Closer,Texture Match Closer
,no_neither,0.20486555697823303,0.795134443021767
,neither,0.13333333333333333,0.5175
,restricted,0.17666666666666667,0.8233333333333334
