Model,Metric,Shape Match Closer,Texture Match Closer
resnet50,no_neither,0.6835138387484958,0.3164861612515042
resnet50,neither,0.47333333333333333,0.21916666666666668
resnet50,restricted,0.5983333333333334,0.40166666666666667
