Model,Metric,Shape Match Closer,Texture Match Closer
resnet50,no_neither,0.49935649935649934,0.5006435006435006
resnet50,neither,0.3233333333333333,0.32416666666666666
resnet50,restricted,0.4375,0.5625
