Model,Metric,Shape Match Closer,Texture Match Closer
resnet50,no_neither,0.6150061500615006,0.3849938499384994
resnet50,neither,0.4166666666666667,0.2608333333333333
resnet50,restricted,0.535,0.465
